source,target
Sunscreen,wardah
Sunscreen,biore
Sunscreen,emina
Sunscreen,azarine
Sunscreen,hadalabo
Sunscreen,bioaqua
Sunscreen,skintific
Sunscreen,scarlett
Sunscreen,joar
Sunscreen,implora
Sunscreen,y.o.u
Facial wash,azarine
Facial wash,hadalabo
Facial wash,the originote
Facial wash,bioaqua
Facial wash,skintific
Facial wash,wardah
Facial wash,biore
Facial wash,nivea
Facial wash,scarlett
Facial wash,joar
Facial wash,y.o.u
Serum,wardah
Serum,biore
Serum,emina
Serum,azarine
Serum,hadalabo
Serum,the originote
Serum,bioaqua
Serum,skintific
Serum,nivea
Serum,scarlett
Serum,joar
Serum,implora
Serum,y.o.u
Micellar water,wardah
Micellar water,biore
Micellar water,emina
Micellar water,azarine
Micellar water,hadalabo
Micellar water,the originote
Micellar water,bioaqua
Micellar water,scarlett
Micellar water,joar
Micellar water,implora
Micellar water,y.o.u
Toner,wardah
Toner,biore
Toner,emina
Toner,azarine
Toner,hadalabo
Toner,the originote
Toner,bioaqua
Toner,skintific
Toner,nivea
Toner,scarlett

















 





















 
